"","Comparison","Sorensen","Jaccard"
"1","ATLANTIC:PANTANAL",0.783783783783784,0.878787878787879
"2","CERRADO:PANTANAL",0.346153846153846,0.514285714285714
"3","CERRADO:ATLANTIC",0.828571428571429,0.90625
