"","Comparison","Sorensen","Jaccard"
"1","ATLANTIC:PANTANAL",0.837837837837838,0.911764705882353
"2","CERRADO:PANTANAL",0.615384615384615,0.761904761904762
"3","CERRADO:ATLANTIC",0.885714285714286,0.939393939393939
